{"noiseKey":{"private":{"type":"Buffer","data":"AHb8WdUYEyF3EH+3iXZIp2u3qNT4h2uyISsVWGw7REw="},"public":{"type":"Buffer","data":"yUlq+RbG/93yrsOM0xB4sWPqbWROGhJbSokxwJkFNnY="}},"pairingEphemeralKeyPair":{"private":{"type":"Buffer","data":"4CZlSpRf0xHOYOtpQjFTdES7gNuiKICTuX9PQ+ihIWM="},"public":{"type":"Buffer","data":"Ff1TyC11H++4ldj9nwOp9zVS6J/fFp/K1hVOE52nTxk="}},"signedIdentityKey":{"private":{"type":"Buffer","data":"yACHFJfIurrnFQtRA/wm0nU9yapDMzPIUkl0iZG5ZFI="},"public":{"type":"Buffer","data":"W7riXfXO3kup/Qik7rHTb5hcJQlB36mJkLV8g8GSCFA="}},"signedPreKey":{"keyPair":{"private":{"type":"Buffer","data":"mNt7RN4zDONQ3YCZhcn38LgZqjkazgW5NLTb4feql0M="},"public":{"type":"Buffer","data":"SdbvHA8MYyatxpxZ9DIBIRkZ+JNBgGWwAOAB8fegfW0="}},"signature":{"type":"Buffer","data":"hBCYIZUjKxi6DqxsDeQAaPd04v8/U9K0ogYZgi+3yas8kY1kuvesXtVEAskjo+Pe7oU0JkUmts43nZ68d5O1AA=="},"keyId":1},"registrationId":85,"advSecretKey":"Uc5tyUiPsqUE0E7/qOr8HIf8tJx2HTRWIsdBn+oO6HM=","processedHistoryMessages":[],"nextPreKeyId":31,"firstUnuploadedPreKeyId":31,"accountSyncCounter":1,"accountSettings":{"unarchiveChats":false},"deviceId":"ejJ6b0MxSuG_RARphZTKDg","phoneId":"8995eed6-5a12-4781-9e3d-bb74b555d977","identityId":{"type":"Buffer","data":"rBE/qG+oYL94NZf/9Ut+472+IHI="},"registered":true,"backupToken":{"type":"Buffer","data":"PikXMvp7rk55NGf9w4QG8gOl0og="},"registration":{},"pairingCode":"EPX9TS2J","me":{"id":"2349021461505:4@s.whatsapp.net","name":"✞𝐒𝐀𝐈𝐍𝐓✞"},"account":{"details":"CM2znugBEInn9LgGGAMgACgA","accountSignatureKey":"6kUwNlOZ+ha51iW45iD+CJgCsK3XFqM70RHJFc4w6j8=","accountSignature":"m5bKiRXhIF3+X+eRDhit+hZg1U8p4f4kevtWpuExihnr0Ge9/xOKAAnfl5bUcvnSNl+YSutNWMfLwAIuNbbiDA==","deviceSignature":"knjkzgdhCbcrpasZrnm+KjjjQPM4cm8pidFCa697uneO+6RnV8ia+wMGE2lC0jufrmti1wsrB56LGKCZDsYOCQ=="},"signalIdentities":[{"identifier":{"name":"2349021461505:4@s.whatsapp.net","deviceId":0},"identifierKey":{"type":"Buffer","data":"BepFMDZTmfoWudYluOYg/giYArCt1xajO9ERyRXOMOo/"}}],"platform":"android","lastAccountSyncTimestamp":1729966998,"myAppStateKeyId":"AAAAAMO5"}